ACCOUNTNUM,PERIOD,AMOUNTRECEIVED,CHECKOFFBATCHNO,CHECKOFFPERIOD,AMOUNT
EMP13398,Nov-19,2472581.4,CHOF-190123,Nov-19,1284626.82
EMP89771,Nov-19,1361421.4,CHOF-190700,Nov-19,1345069.5
EMP1000305,Dec-19,832726.34,CHOF-191931,Dec-19,261720.97
EMP86378,Dec-19,789363.2,CHOF-193620,Dec-19,786125.2
EMP10146,Nov-19,755276.95,CHOF-193753,Nov-19,755276.95
EMP10146,Dec-19,742699.95,CHOF-193735,Dec-19,755276.95
EMP10823,Dec-19,679409.4,CHOF-193623,Dec-19,679409.4
EMP1000305,Nov-19,545498.34,CHOF-188976,Nov-19,251939.97
EMP11922,Dec-19,527732.25,CHOF-193621,Dec-19,527732.25
EMP11242,Oct-19,419671.7,CHOF-184492,Oct-19,419671.7
EMP11247,Dec-19,332265.9,CHOF-193629,Dec-19,332266.71
EMP21614,Nov-19,325090,CHOF-189373,Nov-19,283053
EMP1003907,Dec-19,311683,CHOF-193040,Dec-19,311683
EMP41855,Oct-19,304424.1,CHOF-185812,Oct-19,304424.1
EMP22212,Dec-19,303672.35,CHOF-193630,Dec-19,232172.35
EMP11305,Dec-19,298887.3,CHOF-193628,Dec-19,298887.3
EMP10894,Dec-19,278332,CHOF-193642,Dec-19,278332
EMP10709,Dec-19,250235.6,CHOF-191945,Dec-19,250235.6
EMP93701,Nov-19,249456,CHOF-191715,Nov-19,239006.76
EMP10709,Oct-19,246327,CHOF-184826,Oct-19,246326.82
EMP93701,Dec-19,237350,CHOF-192238,Dec-19,234961.76
EMP25130,Nov-19,230910.6,CHOF-193949,Nov-19,230910.6
EMP36198,Dec-19,227206,CHOF-193639,Dec-19,227206
EMP28525,Dec-19,225302.3,CHOF-192833,Dec-19,200448.3
EMP1006928,Dec-19,202192,CHOF-192409,Dec-19,202192
EMP152453,Nov-19,168500,CHOF-188698,Nov-19,115802
EMP152453,Nov-19,168500,CHOF-194121,Nov-19,168500
EMP152453,Dec-19,166220,CHOF-192798,Dec-19,66848
EMP63497,Nov-19,161977.3,CHOF-193650,Nov-19,161977.3
EMP15422,Oct-19,155745,CHOF-185810,Oct-19,155745
EMP15422,Nov-19,149081,CHOF-190203,Nov-19,149081
EMP11581,Oct-19,142717,CHOF-185638,Oct-19,131597
EMP15422,Dec-19,140414,CHOF-192672,Dec-19,140414
EMP66216,Nov-16,135905,CHOF-019077,Oct-16,27709.6
EMP133162,Sep-19,135505,CHOF-193645,Sep-19,134539
EMP11295,Oct-19,134539,CHOF-185833,Oct-19,134539
EMP11402,Dec-19,131629.8,CHOF-193736,Dec-19,106874.8
EMP11402,Dec-19,131629.8,CHOF-193756,Dec-19,131629.8
EMP133162,Oct-19,131357,CHOF-193646,Oct-19,134539
EMP133162,Dec-19,130245,CHOF-193647,Dec-19,130245
EMP133162,Dec-19,130245,CHOF-193648,Dec-19,134539
EMP133162,Dec-19,130245,CHOF-193649,Dec-19,134539
EMP11539,Nov-19,127739.27,CHOF-189971,Nov-19,127739.27
EMP27929,Oct-19,124263,CHOF-186284,Oct-19,118830
EMP94401,Dec-19,117590.2,CHOF-192582,Dec-19,90141.61
EMP1003559,Dec-19,108550,CHOF-191939,Dec-19,108550
EMP120483,Oct-19,108446.9,CHOF-185838,Oct-19,108446.9
EMP120483,Sep-19,108446.9,CHOF-181849,Sep-19,108446.9
EMP11666,Dec-19,100650,CHOF-193034,Dec-19,51624
EMP11666,Dec-19,100650,CHOF-193035,Dec-19,100559.19
EMP1003822,Oct-19,98652,CHOF-186585,Oct-19,98652
EMP42648,Oct-19,96661.3,CHOF-193618,Oct-19,96661.3
EMP42648,Oct-19,96661.3,CHOF-193619,Oct-19,96661.3
EMP100495,Dec-19,95204,CHOF-191938,Dec-19,95204
EMP11474,Dec-19,91945.45,CHOF-190990,Dec-19,91945.45
EMP11474,Nov-19,91945.45,CHOF-189294,Nov-19,91945.45
EMP76191,Oct-19,90002.5,CHOF-186006,Oct-19,90002.5
EMP99962,Dec-19,88570.75,CHOF-194334,Dec-19,88570.75
EMP94401,Oct-19,76906.5,CHOF-185305,Oct-19,76906.5
EMP94401,Oct-19,76906.5,CHOF-185306,Oct-19,76906.5
EMP11866,Nov-19,75753,CHOF-194178,Nov-19,2975
EMP1000951,Oct-19,71855,CHOF-185741,Oct-19,71855
EMP1000951,Oct-19,71855,CHOF-185742,Oct-19,71855
EMP22059,Dec-19,71600,CHOF-194337,Dec-19,71600
EMP11554,Dec-19,69488.7,CHOF-193187,Dec-19,69089
EMP14567,Dec-19,64844.2,CHOF-193490,Dec-19,64844.2
EMP11537,Nov-19,59672.35,CHOF-189374,Nov-19,59672.32
EMP41711,Oct-16,57666,CHOF-037911,Oct-16,121226.2
EMP73336,Dec-19,56521,CHOF-191942,Dec-19,56521
EMP73336,Oct-19,56521,CHOF-186000,Oct-19,56521
EMP11220,Dec-19,54166.4,CHOF-194336,Dec-19,54166.4
EMP11220,Nov-19,54166.4,CHOF-194330,Nov-19,54166.4
EMP11220,Nov-19,54166.4,CHOF-194331,Nov-19,54166.4
EMP11220,Oct-19,54166.4,CHOF-194326,Oct-19,54166.4
EMP11220,Oct-19,54166.4,CHOF-194327,Oct-19,54166.4
EMP11908,Sep-19,53479.9,CHOF-180626,Sep-19,53479.9
EMP36388,Dec-19,49380,CHOF-191822,Dec-19,49380
EMP36388,Nov-19,49380,CHOF-189743,Nov-19,49380
EMP1003400,Nov-19,47381,CHOF-190545,Nov-19,47381
EMP1006902,Oct-19,46980,CHOF-186165,Oct-19,46980
EMP28143,Oct-19,44829.9,CHOF-186112,Oct-19,44829.9
EMP10582,Dec-19,42230,CHOF-193733,Dec-19,375958
EMP15685,Dec-19,40473,CHOF-192780,Dec-19,40473
EMP14236,Oct-19,39856,CHOF-185278,Oct-19,39856
EMP106106,Dec-19,39724.6,CHOF-191946,Dec-19,39724.6
EMP13858,Oct-19,38929.3,CHOF-184494,Oct-19,38929.3
EMP131573,Dec-19,37788.7,CHOF-191943,Dec-19,37788.7
EMP131573,Nov-19,37788.7,CHOF-187660,Nov-19,37788.7
EMP131573,Sep-19,37788.7,CHOF-181680,Sep-19,37788.7
EMP27002,Nov-19,35999,CHOF-187871,Nov-19,35999
EMP1004751,Dec-19,34446,CHOF-191223,Dec-19,34446
EMP1004070,Oct-19,34440,CHOF-186327,Oct-19,7500
EMP20740,Nov-19,33905,CHOF-188689,Nov-19,33905
EMP19947,Oct-19,33683.3,CHOF-185066,Oct-19,33683.3
EMP20625,Nov-19,33629.6,CHOF-188687,Nov-19,33629.6
EMP26813,Nov-19,32379.1,CHOF-189735,Nov-19,32379.1
EMP11303,Dec-19,30822.5,CHOF-193755,Dec-19,261775.7
EMP112015,Dec-19,29842,CHOF-192028,Dec-19,29842
EMP1002989,Oct-19,29500,CHOF-185455,Oct-19,29508
EMP18620,Dec-19,27844,CHOF-191951,Dec-19,27844
EMP1003018,Oct-18,27781,CHOF-194316,Oct-18,27781
EMP1003018,Oct-18,27781,CHOF-194317,Oct-18,27781
EMP1003018,Sep-18,27781,CHOF-194314,Sep-18,27781
EMP1003018,Sep-18,27781,CHOF-194315,Sep-18,27781
EMP1003018,Sep-19,27781,CHOF-194324,Sep-19,27781
EMP1003018,Sep-19,27781,CHOF-194325,Sep-19,27781
EMP11543,Aug-19,27781,CHOF-194322,Aug-19,27781
EMP11543,Aug-19,27781,CHOF-194323,Aug-19,27781
EMP11543,Dec-19,27781,CHOF-194335,Dec-19,27781
EMP11543,Jul-19,27781,CHOF-194320,Jul-19,27781
EMP11543,Jul-19,27781,CHOF-194321,Jul-19,27781
EMP11543,Jun-19,27781,CHOF-194318,Jun-19,27781
EMP11543,Jun-19,27781,CHOF-194319,Jun-19,27781
EMP11543,Nov-19,27781,CHOF-194328,Nov-19,27781
EMP11543,Nov-19,27781,CHOF-194329,Nov-19,27781
EMP102505,Oct-19,27724,CHOF-185308,Oct-19,27724
EMP1005130,Oct-19,27473,CHOF-185835,Oct-19,27473
EMP11165,Nov-19,26639.6,CHOF-190233,Nov-19,29375.6
EMP1005510,Oct-19,26303,CHOF-185829,Oct-19,26303
EMP19947,Dec-19,26071,CHOF-192145,Dec-19,30542.98
EMP119887,Oct-19,25584,CHOF-185384,Oct-19,25584
EMP119887,Oct-19,25584,CHOF-185385,Oct-19,25584
EMP11165,Dec-19,25139.6,CHOF-191948,Dec-19,25139.6
EMP74318,Nov-19,25018,CHOF-187993,Nov-19,25018
EMP74318,Nov-19,25018,CHOF-187994,Nov-19,25018
EMP1004640,Dec-19,24640,CHOF-191789,Dec-19,24640
EMP1004640,Nov-19,24640,CHOF-188913,Nov-19,24640
EMP1004640,Oct-19,24640,CHOF-184662,Oct-19,24640
EMP1004640,Sep-19,24640,CHOF-180632,Sep-19,24640
EMP10856,Oct-19,24426,CHOF-186324,Oct-19,24426
EMP22765,Nov-19,24133,CHOF-191219,Nov-19,20192
EMP27373,Oct-19,24000,CHOF-186981,Oct-19,24000
EMP1004318,Oct-19,23611,CHOF-185798,Oct-19,23611
EMP119887,Sep-19,23584,CHOF-180283,Sep-19,23584
EMP108329,Dec-19,23235,CHOF-192429,Dec-19,23235
EMP108329,Dec-19,23235,CHOF-192430,Dec-19,23235
EMP11417,Oct-19,23219,CHOF-184505,Oct-19,23219
EMP11392,Nov-16,22982,CHOF-021718,Aug-16,5203629.55
EMP34673,Dec-19,22660,CHOF-192393,Dec-19,22660
EMP20537,Oct-19,22073,CHOF-186505,Oct-19,22073
EMP130666,Oct-19,21941,CHOF-186451,Oct-19,21941
EMP10731,Dec-19,21841,CHOF-193622,Dec-19,626465
EMP96867,Nov-19,21620,CHOF-190652,Nov-19,21620
EMP144611,Sep-19,21594,CHOF-186208,Sep-19,21594
EMP19195,Dec-19,21486,CHOF-193692,Dec-19,25935
EMP10660,Nov-19,21161,CHOF-189084,Nov-19,21161
EMP10549,Dec-19,20635,CHOF-193576,Dec-19,20635
EMP53555,Dec-19,20635,CHOF-192431,Dec-19,84601
EMP1004318,Dec-19,20611,CHOF-193494,Dec-19,20611
EMP23214,Oct-19,20529.3,CHOF-186024,Oct-19,20529.3
EMP23214,Oct-19,20529.3,CHOF-186025,Oct-19,20529.3
EMP1005937,Dec-19,20177,CHOF-191917,Dec-19,20177
EMP11513,Nov-19,19919,CHOF-187409,Nov-19,1394735.26
EMP11513,Oct-19,19919,CHOF-183763,Oct-19,2672194.03
EMP10736,Nov-19,19865,CHOF-188846,Nov-19,8708
EMP15678,Oct-19,19752,CHOF-185938,Oct-19,19752
EMP1004589,Oct-19,19389,CHOF-186219,Oct-19,16389
EMP68648,Dec-19,19372,CHOF-191954,Dec-19,19372
EMP11417,Jan-20,19199,CHOF-194339,Jan-20,19199
EMP144611,Oct-19,18894,CHOF-186509,Oct-19,18894
EMP139026,Oct-19,18000,CHOF-185350,Oct-19,18000
EMP14751,Oct-19,17327,CHOF-185303,Oct-19,17327
EMP1005937,Nov-19,17203,CHOF-189098,Nov-19,17203
EMP1005937,Oct-19,17203,CHOF-185845,Oct-19,17203
EMP1003818,Dec-19,16768,CHOF-192692,Dec-19,16768
EMP102009,Dec-16,16625,CHOF-025626,Dec-16,20449.8
EMP30762,Oct-19,16556,CHOF-185262,Oct-19,16556
EMP30762,Oct-19,16556,CHOF-185263,Oct-19,16556
EMP1002402,Oct-19,16515,CHOF-185676,Oct-19,16515
EMP1002402,Oct-19,16515,CHOF-185677,Oct-19,16515
EMP131803,Oct-19,16125.2,CHOF-185171,Oct-19,16125.2
EMP131803,Oct-19,16125.2,CHOF-185172,Oct-19,16125.2
EMP152857,Nov-19,16000,CHOF-188695,Nov-19,16000
EMP40718,Nov-19,15540,CHOF-187751,Nov-19,0
EMP27174,Oct-19,15047,CHOF-186195,Oct-19,11011
EMP42014,Sep-19,14940.9,CHOF-187459,Sep-19,14940.9
EMP1005887,Aug-19,14884,CHOF-183761,Aug-19,14884
EMP120600,Dec-19,14203,CHOF-191944,Dec-19,14203
EMP120600,Oct-19,14203,CHOF-184487,Oct-19,14203
EMP18876,Dec-19,14180,CHOF-193060,Dec-19,14180
EMP64418,Dec-16,13943.3,CHOF-032297,Jan-17,23598.6
EMP142133,Nov-19,13762,CHOF-187714,Nov-19,13762
EMP142133,Nov-19,13762,CHOF-187715,Nov-19,13762
EMP12459,Dec-19,13599,CHOF-192383,Dec-19,13599
EMP18328,Oct-19,13569,CHOF-184962,Oct-19,13567
EMP113119,Dec-19,13500,CHOF-193484,Dec-19,13500
EMP1008046,Dec-19,13217,CHOF-189816,Dec-19,13217
EMP141702,Dec-19,13180,CHOF-191641,Dec-19,13179.75
EMP141702,Dec-19,13180,CHOF-191642,Dec-19,13179.75
EMP133360,Dec-19,13110,CHOF-193486,Dec-19,13110
EMP1003921,Dec-19,13000,CHOF-191953,Dec-19,13000
EMP11228,Nov-19,12775,CHOF-188685,Nov-19,12775
EMP152661,Dec-19,12753,CHOF-192444,Dec-19,25506
EMP1003818,Oct-19,12630,CHOF-186003,Oct-19,12630
EMP99813,Oct-19,12587,CHOF-186002,Oct-19,12587
emp1006115,Aug-19,12471,CHOF-184485,Aug-19,12471
EMP75627,Nov-19,12182,CHOF-188693,Nov-19,12182
EMP99813,Dec-19,11878,CHOF-193496,Dec-19,11878.04
EMP133546,Dec-19,11715,CHOF-191949,Dec-19,11715
EMP60125,Nov-16,11245,CHOF-019676,Nov-16,6089
EMP1006766,Oct-19,11037,CHOF-186424,Oct-19,11037
EMP10366,Oct-19,10765,CHOF-184973,Oct-19,10765
EMP22798,Dec-19,10743,CHOF-193492,Dec-19,10743
EMP65712,Dec-19,10656,CHOF-191952,Dec-19,10656
EMP11926,Dec-19,10364,CHOF-194332,Dec-19,4041224.85
EMP1003903,Dec-19,10072,CHOF-191950,Dec-19,10072
EMP126133,Dec-19,9832,CHOF-191532,Dec-19,9832
EMP26264,Dec-19,9500,CHOF-192548,Dec-19,4169
EMP87552,Oct-19,9278.6,CHOF-185804,Oct-19,9278.6
EMP1005366,Nov-19,9232,CHOF-191218,Nov-19,9232
EMP1005366,Oct-19,9232,CHOF-185797,Oct-19,9232
EMP22103,Jan-20,9000,CHOF-193996,Jan-20,9000
EMP22318,Oct-19,8760.9,CHOF-185970,Oct-19,8760.9
EMP22318,Oct-19,8760.9,CHOF-185971,Oct-19,8760.9
EMP19661,Dec-19,8703,CHOF-191283,Dec-19,8703
EMP13954,Dec-19,8682,CHOF-193776,Dec-19,8682
EMP13954,Nov-19,8682,CHOF-188955,Nov-19,8682
EMP13954,Nov-19,8682,CHOF-188956,Nov-19,8682
EMP17032,Nov-16,8643.9,CHOF-019109,Oct-16,22132.5
EMP15209,Oct-19,8626.7,CHOF-186420,Oct-19,8626.7
EMP20625,Sep-19,8588,CHOF-002342,,0
EMP20625,Sep-19,8588,CHOF-003516,,0
EMP20625,Sep-19,8588,CHOF-004015,,0
EMP20625,Sep-19,8588,CHOF-004024,,0
EMP20625,Sep-19,8588,CHOF-008756,,0
EMP20625,Sep-19,8588,CHOF-010830,,0
EMP20625,Sep-19,8588,CHOF-012201,,0
EMP20625,Sep-19,8588,CHOF-012549,,0
EMP20625,Sep-19,8588,CHOF-012746,,0
EMP20625,Sep-19,8588,CHOF-012838,,0
EMP20625,Sep-19,8588,CHOF-012846,,0
EMP20625,Sep-19,8588,CHOF-012991,,0
EMP20625,Sep-19,8588,CHOF-013174,,0
EMP20625,Sep-19,8588,CHOF-013753,,0
EMP20625,Sep-19,8588,CHOF-013905,,0
EMP20625,Sep-19,8588,CHOF-014630,,0
EMP20625,Sep-19,8588,CHOF-014648,,0
EMP20625,Sep-19,8588,CHOF-014650,,0
EMP20625,Sep-19,8588,CHOF-015003,,0
EMP20625,Sep-19,8588,CHOF-015206,,0
EMP20625,Sep-19,8588,CHOF-015209,,0
EMP20625,Sep-19,8588,CHOF-015324,,0
EMP20625,Sep-19,8588,CHOF-015808,,0
EMP20625,Sep-19,8588,CHOF-015863,,0
EMP20625,Sep-19,8588,CHOF-015864,,0
EMP20625,Sep-19,8588,CHOF-015865,,0
EMP20625,Sep-19,8588,CHOF-016205,,0
EMP20625,Sep-19,8588,CHOF-016821,,0
EMP20625,Sep-19,8588,CHOF-016832,,0
EMP20625,Sep-19,8588,CHOF-016872,,0
EMP20625,Sep-19,8588,CHOF-016968,,0
EMP20625,Sep-19,8588,CHOF-017360,,0
EMP20625,Sep-19,8588,CHOF-017376,,0
EMP20625,Sep-19,8588,CHOF-017919,,0
EMP20625,Sep-19,8588,CHOF-018310,,0
EMP20625,Sep-19,8588,CHOF-018439,,0
EMP20625,Sep-19,8588,CHOF-018441,,0
EMP20625,Sep-19,8588,CHOF-018929,,0
EMP20625,Sep-19,8588,CHOF-018988,,0
EMP20625,Sep-19,8588,CHOF-018989,,0
EMP20625,Sep-19,8588,CHOF-019008,,0
EMP20625,Sep-19,8588,CHOF-019010,,0
EMP20625,Sep-19,8588,CHOF-019011,,0
EMP20625,Sep-19,8588,CHOF-019012,,0
EMP20625,Sep-19,8588,CHOF-019013,,0
EMP20625,Sep-19,8588,CHOF-019014,,0
EMP20625,Sep-19,8588,CHOF-019018,,0
EMP20625,Sep-19,8588,CHOF-019043,,0
EMP20625,Sep-19,8588,CHOF-019067,,0
EMP20625,Sep-19,8588,CHOF-019075,,0
EMP20625,Sep-19,8588,CHOF-019105,,0
EMP20625,Sep-19,8588,CHOF-019123,,0
EMP20625,Sep-19,8588,CHOF-019211,,0
EMP20625,Sep-19,8588,CHOF-019214,,0
EMP20625,Sep-19,8588,CHOF-019420,,0
EMP20625,Sep-19,8588,CHOF-019421,,0
EMP20625,Sep-19,8588,CHOF-019422,,0
EMP20625,Sep-19,8588,CHOF-019427,,0
EMP20625,Sep-19,8588,CHOF-019429,,0
EMP20625,Sep-19,8588,CHOF-019833,,0
EMP20625,Sep-19,8588,CHOF-019846,,0
EMP20625,Sep-19,8588,CHOF-019853,,0
EMP20625,Sep-19,8588,CHOF-021406,,0
EMP20625,Sep-19,8588,CHOF-021407,,0
EMP20625,Sep-19,8588,CHOF-021410,,0
EMP20625,Sep-19,8588,CHOF-021413,,0
EMP20625,Sep-19,8588,CHOF-021414,,0
EMP20625,Sep-19,8588,CHOF-021415,,0
EMP20625,Sep-19,8588,CHOF-021452,,0
EMP20625,Sep-19,8588,CHOF-021666,,0
EMP20625,Sep-19,8588,CHOF-023563,Nov-16,0
EMP20625,Sep-19,8588,CHOF-026194,,0
EMP20625,Sep-19,8588,CHOF-027424,,0
EMP20625,Sep-19,8588,CHOF-027503,,0
EMP20625,Sep-19,8588,CHOF-028825,,0
EMP20625,Sep-19,8588,CHOF-029053,,0
EMP20625,Sep-19,8588,CHOF-030574,,0
EMP20625,Sep-19,8588,CHOF-030915,,0
EMP20625,Sep-19,8588,CHOF-031887,,0
EMP20625,Sep-19,8588,CHOF-031993,,0
EMP20625,Sep-19,8588,CHOF-032294,,0
EMP20625,Sep-19,8588,CHOF-032299,,0
EMP20625,Sep-19,8588,CHOF-032345,,0
EMP20625,Sep-19,8588,CHOF-032361,,0
EMP20625,Sep-19,8588,CHOF-032369,,0
EMP20625,Sep-19,8588,CHOF-033332,,0
EMP20625,Sep-19,8588,CHOF-033339,,0
EMP20625,Sep-19,8588,CHOF-033341,,0
EMP20625,Sep-19,8588,CHOF-033738,,0
EMP20625,Sep-19,8588,CHOF-033860,,0
EMP20625,Sep-19,8588,CHOF-033861,,0
EMP20625,Sep-19,8588,CHOF-034318,,0
EMP20625,Sep-19,8588,CHOF-034337,,0
EMP20625,Sep-19,8588,CHOF-034339,,0
EMP20625,Sep-19,8588,CHOF-034343,,0
EMP20625,Sep-19,8588,CHOF-034544,,0
EMP20625,Sep-19,8588,CHOF-034559,,0
EMP20625,Sep-19,8588,CHOF-034653,,0
EMP20625,Sep-19,8588,CHOF-035006,,0
EMP20625,Sep-19,8588,CHOF-035507,,0
EMP20625,Sep-19,8588,CHOF-035647,,0
EMP20625,Sep-19,8588,CHOF-036421,,0
EMP20625,Sep-19,8588,CHOF-036602,,0
EMP20625,Sep-19,8588,CHOF-036903,,0
EMP20625,Sep-19,8588,CHOF-036904,,0
EMP20625,Sep-19,8588,CHOF-037075,,0
EMP20625,Sep-19,8588,CHOF-037559,,0
EMP20625,Sep-19,8588,CHOF-037671,,0
EMP20625,Sep-19,8588,CHOF-037909,,0
EMP20625,Sep-19,8588,CHOF-038001,,0
EMP20625,Sep-19,8588,CHOF-038550,,0
EMP20625,Sep-19,8588,CHOF-038571,,0
EMP20625,Sep-19,8588,CHOF-038599,,0
EMP20625,Sep-19,8588,CHOF-038728,,0
EMP20625,Sep-19,8588,CHOF-039028,,0
EMP20625,Sep-19,8588,CHOF-039029,,0
EMP20625,Sep-19,8588,CHOF-039384,,0
EMP20625,Sep-19,8588,CHOF-039385,,0
EMP20625,Sep-19,8588,CHOF-039595,,0
EMP20625,Sep-19,8588,CHOF-039876,,0
EMP20625,Sep-19,8588,CHOF-040107,,0
EMP20625,Sep-19,8588,CHOF-040369,,0
EMP20625,Sep-19,8588,CHOF-041149,,0
EMP20625,Sep-19,8588,CHOF-041323,,0
EMP20625,Sep-19,8588,CHOF-041355,,0
EMP20625,Sep-19,8588,CHOF-041665,,0
EMP20625,Sep-19,8588,CHOF-042653,,0
EMP20625,Sep-19,8588,CHOF-043301,,0
EMP20625,Sep-19,8588,CHOF-044024,,0
EMP20625,Sep-19,8588,CHOF-044935,,0
EMP20625,Sep-19,8588,CHOF-045393,,0
EMP20625,Sep-19,8588,CHOF-045662,,0
EMP20625,Sep-19,8588,CHOF-046007,,0
EMP20625,Sep-19,8588,CHOF-046922,,0
EMP20625,Sep-19,8588,CHOF-046923,,0
EMP20625,Sep-19,8588,CHOF-047286,,0
EMP20625,Sep-19,8588,CHOF-048793,,0
EMP20625,Sep-19,8588,CHOF-049403,,0
EMP20625,Sep-19,8588,CHOF-049926,,0
EMP20625,Sep-19,8588,CHOF-051806,,0
EMP20625,Sep-19,8588,CHOF-051809,,0
EMP20625,Sep-19,8588,CHOF-051810,,0
EMP20625,Sep-19,8588,CHOF-051949,,0
EMP20625,Sep-19,8588,CHOF-052108,,0
EMP20625,Sep-19,8588,CHOF-052109,,0
EMP20625,Sep-19,8588,CHOF-052167,,0
EMP20625,Sep-19,8588,CHOF-052289,,0
EMP20625,Sep-19,8588,CHOF-052348,,0
EMP20625,Sep-19,8588,CHOF-052351,,0
EMP20625,Sep-19,8588,CHOF-052354,,0
EMP20625,Sep-19,8588,CHOF-052357,,0
EMP20625,Sep-19,8588,CHOF-052537,,0
EMP20625,Sep-19,8588,CHOF-052547,,0
EMP20625,Sep-19,8588,CHOF-052564,,0
EMP20625,Sep-19,8588,CHOF-052631,,0
EMP20625,Sep-19,8588,CHOF-052652,,0
EMP20625,Sep-19,8588,CHOF-052729,,0
EMP20625,Sep-19,8588,CHOF-052818,,0
EMP20625,Sep-19,8588,CHOF-052820,,0
EMP20625,Sep-19,8588,CHOF-052909,,0
EMP20625,Sep-19,8588,CHOF-052912,,0
EMP20625,Sep-19,8588,CHOF-053008,,0
EMP20625,Sep-19,8588,CHOF-053015,,0
EMP20625,Sep-19,8588,CHOF-053050,,0
EMP20625,Sep-19,8588,CHOF-053109,,0
EMP20625,Sep-19,8588,CHOF-053119,,0
EMP20625,Sep-19,8588,CHOF-053138,,0
EMP20625,Sep-19,8588,CHOF-053157,,0
EMP20625,Sep-19,8588,CHOF-053268,,0
EMP20625,Sep-19,8588,CHOF-053349,,0
EMP20625,Sep-19,8588,CHOF-053357,,0
EMP20625,Sep-19,8588,CHOF-053360,,0
EMP20625,Sep-19,8588,CHOF-053371,,0
EMP20625,Sep-19,8588,CHOF-053372,,0
EMP20625,Sep-19,8588,CHOF-053408,,0
EMP20625,Sep-19,8588,CHOF-053658,,0
EMP20625,Sep-19,8588,CHOF-053688,,0
EMP20625,Sep-19,8588,CHOF-053689,,0
EMP20625,Sep-19,8588,CHOF-053864,,0
EMP20625,Sep-19,8588,CHOF-053865,,0
EMP20625,Sep-19,8588,CHOF-053876,,0
EMP20625,Sep-19,8588,CHOF-053877,,0
EMP20625,Sep-19,8588,CHOF-053884,,0
EMP20625,Sep-19,8588,CHOF-053987,,0
EMP20625,Sep-19,8588,CHOF-054623,,0
EMP20625,Sep-19,8588,CHOF-054644,,0
EMP20625,Sep-19,8588,CHOF-054760,,0
EMP20625,Sep-19,8588,CHOF-055033,,0
EMP20625,Sep-19,8588,CHOF-055073,,0
EMP20625,Sep-19,8588,CHOF-055261,,0
EMP20625,Sep-19,8588,CHOF-055351,,0
EMP20625,Sep-19,8588,CHOF-055445,,0
EMP20625,Sep-19,8588,CHOF-055494,,0
EMP20625,Sep-19,8588,CHOF-055816,,0
EMP20625,Sep-19,8588,CHOF-055836,,0
EMP20625,Sep-19,8588,CHOF-056106,,0
EMP20625,Sep-19,8588,CHOF-056508,,0
EMP20625,Sep-19,8588,CHOF-056624,,0
EMP20625,Sep-19,8588,CHOF-056864,,0
EMP20625,Sep-19,8588,CHOF-056890,,0
EMP20625,Sep-19,8588,CHOF-056981,,0
EMP20625,Sep-19,8588,CHOF-056982,,0
EMP20625,Sep-19,8588,CHOF-057528,,0
EMP20625,Sep-19,8588,CHOF-057681,,0
EMP20625,Sep-19,8588,CHOF-057792,,0
EMP20625,Sep-19,8588,CHOF-057793,,0
EMP20625,Sep-19,8588,CHOF-058163,,0
EMP20625,Sep-19,8588,CHOF-059150,,0
EMP20625,Sep-19,8588,CHOF-059991,,0
EMP20625,Sep-19,8588,CHOF-060315,,0
EMP20625,Sep-19,8588,CHOF-060704,,0
EMP20625,Sep-19,8588,CHOF-061032,,0
EMP20625,Sep-19,8588,CHOF-061556,,0
EMP20625,Sep-19,8588,CHOF-061577,,0
EMP20625,Sep-19,8588,CHOF-061712,,0
EMP20625,Sep-19,8588,CHOF-062672,,0
EMP20625,Sep-19,8588,CHOF-063167,,0
EMP20625,Sep-19,8588,CHOF-067197,,0
EMP20625,Sep-19,8588,CHOF-067646,,0
EMP20625,Sep-19,8588,CHOF-068868,,0
EMP20625,Sep-19,8588,CHOF-068869,,0
EMP20625,Sep-19,8588,CHOF-068888,,0
EMP20625,Sep-19,8588,CHOF-068947,,0
EMP20625,Sep-19,8588,CHOF-068954,Nov-17,0
EMP20625,Sep-19,8588,CHOF-068981,,0
EMP20625,Sep-19,8588,CHOF-068991,,0
EMP20625,Sep-19,8588,CHOF-069004,,0
EMP20625,Sep-19,8588,CHOF-069005,,0
EMP20625,Sep-19,8588,CHOF-069021,,0
EMP20625,Sep-19,8588,CHOF-069022,,0
EMP20625,Sep-19,8588,CHOF-069273,,0
EMP20625,Sep-19,8588,CHOF-069276,,0
EMP20625,Sep-19,8588,CHOF-069655,,0
EMP20625,Sep-19,8588,CHOF-069737,,0
EMP20625,Sep-19,8588,CHOF-069801,,0
EMP20625,Sep-19,8588,CHOF-069874,,0
EMP20625,Sep-19,8588,CHOF-069904,,0
EMP20625,Sep-19,8588,CHOF-069908,,0
EMP20625,Sep-19,8588,CHOF-070064,,0
EMP20625,Sep-19,8588,CHOF-070224,,0
EMP20625,Sep-19,8588,CHOF-070375,,0
EMP20625,Sep-19,8588,CHOF-070447,,0
EMP20625,Sep-19,8588,CHOF-070495,,0
EMP20625,Sep-19,8588,CHOF-070738,,0
EMP20625,Sep-19,8588,CHOF-070893,,0
EMP20625,Sep-19,8588,CHOF-070896,,0
EMP20625,Sep-19,8588,CHOF-071438,,0
EMP20625,Sep-19,8588,CHOF-071735,,0
EMP20625,Sep-19,8588,CHOF-071938,,0
EMP20625,Sep-19,8588,CHOF-072498,,0
EMP20625,Sep-19,8588,CHOF-073153,,0
EMP20625,Sep-19,8588,CHOF-073406,,0
EMP20625,Sep-19,8588,CHOF-074395,,0
EMP20625,Sep-19,8588,CHOF-074823,,0
EMP20625,Sep-19,8588,CHOF-075080,,0
EMP20625,Sep-19,8588,CHOF-075110,,0
EMP20625,Sep-19,8588,CHOF-075923,,0
EMP20625,Sep-19,8588,CHOF-076885,,0
EMP20625,Sep-19,8588,CHOF-076891,,0
EMP20625,Sep-19,8588,CHOF-077031,,0
EMP20625,Sep-19,8588,CHOF-077445,,0
EMP20625,Sep-19,8588,CHOF-078302,,0
EMP20625,Sep-19,8588,CHOF-078599,,0
EMP20625,Sep-19,8588,CHOF-078733,,0
EMP20625,Sep-19,8588,CHOF-078770,,0
EMP20625,Sep-19,8588,CHOF-078869,,0
EMP20625,Sep-19,8588,CHOF-079030,,0
EMP20625,Sep-19,8588,CHOF-079235,,0
EMP20625,Sep-19,8588,CHOF-079335,,0
EMP20625,Sep-19,8588,CHOF-079865,,0
EMP20625,Sep-19,8588,CHOF-079869,,0
EMP20625,Sep-19,8588,CHOF-080658,,0
EMP20625,Sep-19,8588,CHOF-081121,,0
EMP20625,Sep-19,8588,CHOF-081123,,0
EMP20625,Sep-19,8588,CHOF-081799,,0
EMP20625,Sep-19,8588,CHOF-082159,,0
EMP20625,Sep-19,8588,CHOF-082402,,0
EMP20625,Sep-19,8588,CHOF-082734,,0
EMP20625,Sep-19,8588,CHOF-083059,,0
EMP20625,Sep-19,8588,CHOF-083193,,0
EMP20625,Sep-19,8588,CHOF-083198,,0
EMP20625,Sep-19,8588,CHOF-083222,,0
EMP20625,Sep-19,8588,CHOF-083306,,0
EMP20625,Sep-19,8588,CHOF-083396,,0
EMP20625,Sep-19,8588,CHOF-083399,,0
EMP20625,Sep-19,8588,CHOF-083752,,0
EMP20625,Sep-19,8588,CHOF-086043,,0
EMP20625,Sep-19,8588,CHOF-087011,Sep-17,0
EMP20625,Sep-19,8588,CHOF-087142,,0
EMP20625,Sep-19,8588,CHOF-087207,Oct-16,0
EMP20625,Sep-19,8588,CHOF-087375,,0
EMP20625,Sep-19,8588,CHOF-087447,,0
EMP20625,Sep-19,8588,CHOF-087830,,0
EMP20625,Sep-19,8588,CHOF-087865,,0
EMP20625,Sep-19,8588,CHOF-087972,,0
EMP20625,Sep-19,8588,CHOF-088053,,0
EMP20625,Sep-19,8588,CHOF-088157,,0
EMP20625,Sep-19,8588,CHOF-088401,,0
EMP20625,Sep-19,8588,CHOF-088417,,0
EMP20625,Sep-19,8588,CHOF-088645,,0
EMP20625,Sep-19,8588,CHOF-088983,,0
EMP20625,Sep-19,8588,CHOF-089409,,0
EMP20625,Sep-19,8588,CHOF-089410,,0
EMP20625,Sep-19,8588,CHOF-089484,,0
EMP20625,Sep-19,8588,CHOF-089507,,0
EMP20625,Sep-19,8588,CHOF-089586,,0
EMP20625,Sep-19,8588,CHOF-089802,,0
EMP20625,Sep-19,8588,CHOF-089896,,0
EMP20625,Sep-19,8588,CHOF-089965,,0
EMP20625,Sep-19,8588,CHOF-090235,,0
EMP20625,Sep-19,8588,CHOF-090398,,0
EMP20625,Sep-19,8588,CHOF-090514,,0
EMP20625,Sep-19,8588,CHOF-090534,,0
EMP20625,Sep-19,8588,CHOF-090623,,0
EMP20625,Sep-19,8588,CHOF-090754,,0
EMP20625,Sep-19,8588,CHOF-090837,,0
EMP20625,Sep-19,8588,CHOF-090896,,0
EMP20625,Sep-19,8588,CHOF-090900,"February,2010",0
EMP20625,Sep-19,8588,CHOF-091032,,0
EMP20625,Sep-19,8588,CHOF-091121,,0
EMP20625,Sep-19,8588,CHOF-091132,,0
EMP20625,Sep-19,8588,CHOF-091323,,0
EMP20625,Sep-19,8588,CHOF-091374,,0
EMP20625,Sep-19,8588,CHOF-091376,,0
EMP20625,Sep-19,8588,CHOF-091407,,0
EMP20625,Sep-19,8588,CHOF-091408,,0
EMP20625,Sep-19,8588,CHOF-091413,,0
EMP20625,Sep-19,8588,CHOF-091424,,0
EMP20625,Sep-19,8588,CHOF-091425,,0
EMP20625,Sep-19,8588,CHOF-091512,,0
EMP20625,Sep-19,8588,CHOF-092745,,0
EMP20625,Sep-19,8588,CHOF-093332,,0
EMP20625,Sep-19,8588,CHOF-093450,,0
EMP20625,Sep-19,8588,CHOF-093842,,0
EMP20625,Sep-19,8588,CHOF-093960,,0
EMP20625,Sep-19,8588,CHOF-093990,,0
EMP20625,Sep-19,8588,CHOF-094133,,0
EMP20625,Sep-19,8588,CHOF-094134,,0
EMP20625,Sep-19,8588,CHOF-094135,,0
EMP20625,Sep-19,8588,CHOF-094142,,0
EMP20625,Sep-19,8588,CHOF-094143,Apr-18,0
EMP20625,Sep-19,8588,CHOF-094147,Mar-18,0
EMP20625,Sep-19,8588,CHOF-094150,,0
EMP20625,Sep-19,8588,CHOF-094151,May-18,0
EMP20625,Sep-19,8588,CHOF-094260,,0
EMP20625,Sep-19,8588,CHOF-094339,,0
EMP20625,Sep-19,8588,CHOF-094341,,0
EMP20625,Sep-19,8588,CHOF-094511,,0
EMP20625,Sep-19,8588,CHOF-094563,,0
EMP20625,Sep-19,8588,CHOF-094576,,0
EMP20625,Sep-19,8588,CHOF-094765,,0
EMP20625,Sep-19,8588,CHOF-095037,,0
EMP20625,Sep-19,8588,CHOF-095061,,0
EMP20625,Sep-19,8588,CHOF-095150,,0
EMP20625,Sep-19,8588,CHOF-095176,,0
EMP20625,Sep-19,8588,CHOF-095182,,0
EMP20625,Sep-19,8588,CHOF-095185,,0
EMP20625,Sep-19,8588,CHOF-095193,,0
EMP20625,Sep-19,8588,CHOF-096273,,0
EMP20625,Sep-19,8588,CHOF-096276,,0
EMP20625,Sep-19,8588,CHOF-097600,,0
EMP20625,Sep-19,8588,CHOF-098150,,0
EMP20625,Sep-19,8588,CHOF-098151,,0
EMP20625,Sep-19,8588,CHOF-098734,,0
EMP20625,Sep-19,8588,CHOF-099257,,0
EMP20625,Sep-19,8588,CHOF-099483,,0
EMP20625,Sep-19,8588,CHOF-099746,,0
EMP20625,Sep-19,8588,CHOF-100217,,0
EMP20625,Sep-19,8588,CHOF-102402,,0
EMP20625,Sep-19,8588,CHOF-102915,,0
EMP20625,Sep-19,8588,CHOF-103973,,0
EMP20625,Sep-19,8588,CHOF-103981,,0
EMP20625,Sep-19,8588,CHOF-103983,,0
EMP20625,Sep-19,8588,CHOF-106217,,0
EMP20625,Sep-19,8588,CHOF-107625,,0
EMP20625,Sep-19,8588,CHOF-107845,,0
EMP20625,Sep-19,8588,CHOF-108071,,0
EMP20625,Sep-19,8588,CHOF-108073,,0
EMP20625,Sep-19,8588,CHOF-108766,,0
EMP20625,Sep-19,8588,CHOF-111184,,0
EMP20625,Sep-19,8588,CHOF-111389,,0
EMP20625,Sep-19,8588,CHOF-112425,,0
EMP20625,Sep-19,8588,CHOF-112532,,0
EMP20625,Sep-19,8588,CHOF-114086,,0
EMP20625,Sep-19,8588,CHOF-115397,,0
EMP20625,Sep-19,8588,CHOF-116298,,0
EMP20625,Sep-19,8588,CHOF-116733,,0
EMP20625,Sep-19,8588,CHOF-117511,,0
EMP20625,Sep-19,8588,CHOF-117513,,0
EMP20625,Sep-19,8588,CHOF-117514,,0
EMP20625,Sep-19,8588,CHOF-118492,,0
EMP20625,Sep-19,8588,CHOF-118767,,0
EMP20625,Sep-19,8588,CHOF-119103,,0
EMP20625,Sep-19,8588,CHOF-119120,,0
EMP20625,Sep-19,8588,CHOF-119181,,0
EMP20625,Sep-19,8588,CHOF-119183,,0
EMP20625,Sep-19,8588,CHOF-119388,,0
EMP20625,Sep-19,8588,CHOF-119394,,0
EMP20625,Sep-19,8588,CHOF-119397,,0
EMP20625,Sep-19,8588,CHOF-119398,,0
EMP20625,Sep-19,8588,CHOF-119399,,0
EMP20625,Sep-19,8588,CHOF-119400,,0
EMP20625,Sep-19,8588,CHOF-119401,,0
EMP20625,Sep-19,8588,CHOF-119406,,0
EMP20625,Sep-19,8588,CHOF-119412,,0
EMP20625,Sep-19,8588,CHOF-119416,,0
EMP20625,Sep-19,8588,CHOF-119423,,0
EMP20625,Sep-19,8588,CHOF-119430,,0
EMP20625,Sep-19,8588,CHOF-119437,,0
EMP20625,Sep-19,8588,CHOF-119438,,0
EMP20625,Sep-19,8588,CHOF-119560,,0
EMP20625,Sep-19,8588,CHOF-119622,,0
EMP20625,Sep-19,8588,CHOF-119927,,0
EMP20625,Sep-19,8588,CHOF-120353,,0
EMP20625,Sep-19,8588,CHOF-120359,,0
EMP20625,Sep-19,8588,CHOF-120527,,0
EMP20625,Sep-19,8588,CHOF-121780,,0
EMP20625,Sep-19,8588,CHOF-121785,,0
EMP20625,Sep-19,8588,CHOF-121794,,0
EMP20625,Sep-19,8588,CHOF-121795,,0
EMP20625,Sep-19,8588,CHOF-121861,,0
EMP20625,Sep-19,8588,CHOF-122059,,0
EMP20625,Sep-19,8588,CHOF-122402,,0
EMP20625,Sep-19,8588,CHOF-122511,,0
EMP20625,Sep-19,8588,CHOF-122519,,0
EMP20625,Sep-19,8588,CHOF-122522,,0
EMP20625,Sep-19,8588,CHOF-122524,,0
EMP20625,Sep-19,8588,CHOF-122525,,0
EMP20625,Sep-19,8588,CHOF-122526,,0
EMP20625,Sep-19,8588,CHOF-122530,,0
EMP20625,Sep-19,8588,CHOF-122547,,0
EMP20625,Sep-19,8588,CHOF-122569,,0
EMP20625,Sep-19,8588,CHOF-122575,,0
EMP20625,Sep-19,8588,CHOF-122737,,0
EMP20625,Sep-19,8588,CHOF-122739,,0
EMP20625,Sep-19,8588,CHOF-122742,,0
EMP20625,Sep-19,8588,CHOF-123069,,0
EMP20625,Sep-19,8588,CHOF-123078,,0
EMP20625,Sep-19,8588,CHOF-123081,,0
EMP20625,Sep-19,8588,CHOF-123115,,0
EMP20625,Sep-19,8588,CHOF-123348,,0
EMP20625,Sep-19,8588,CHOF-124140,,0
EMP20625,Sep-19,8588,CHOF-124158,,0
EMP20625,Sep-19,8588,CHOF-124496,,0
EMP20625,Sep-19,8588,CHOF-124505,,0
EMP20625,Sep-19,8588,CHOF-124622,,0
EMP20625,Sep-19,8588,CHOF-125049,,0
EMP20625,Sep-19,8588,CHOF-125322,,0
EMP20625,Sep-19,8588,CHOF-125323,,0
EMP20625,Sep-19,8588,CHOF-125832,,0
EMP20625,Sep-19,8588,CHOF-125879,,0
EMP20625,Sep-19,8588,CHOF-126965,,0
EMP20625,Sep-19,8588,CHOF-127745,,0
EMP20625,Sep-19,8588,CHOF-128072,,0
EMP20625,Sep-19,8588,CHOF-129085,,0
EMP20625,Sep-19,8588,CHOF-129881,,0
EMP20625,Sep-19,8588,CHOF-130548,,0
EMP20625,Sep-19,8588,CHOF-130760,,0
EMP20625,Sep-19,8588,CHOF-131091,,0
EMP20625,Sep-19,8588,CHOF-131899,,0
EMP20625,Sep-19,8588,CHOF-131912,,0
EMP20625,Sep-19,8588,CHOF-132107,,0
EMP20625,Sep-19,8588,CHOF-132169,,0
EMP20625,Sep-19,8588,CHOF-132170,,0
EMP20625,Sep-19,8588,CHOF-132436,,0
EMP20625,Sep-19,8588,CHOF-132512,,0
EMP20625,Sep-19,8588,CHOF-132613,,0
EMP20625,Sep-19,8588,CHOF-133107,,0
EMP20625,Sep-19,8588,CHOF-133136,,0
EMP20625,Sep-19,8588,CHOF-133140,,0
EMP20625,Sep-19,8588,CHOF-133157,,0
EMP20625,Sep-19,8588,CHOF-133182,,0
EMP20625,Sep-19,8588,CHOF-133244,,0
EMP20625,Sep-19,8588,CHOF-133248,,0
EMP20625,Sep-19,8588,CHOF-133479,,0
EMP20625,Sep-19,8588,CHOF-133503,,0
EMP20625,Sep-19,8588,CHOF-133614,,0
EMP20625,Sep-19,8588,CHOF-133783,,0
EMP20625,Sep-19,8588,CHOF-133970,,0
EMP20625,Sep-19,8588,CHOF-134241,,0
EMP20625,Sep-19,8588,CHOF-134641,,0
EMP20625,Sep-19,8588,CHOF-135545,,0
EMP20625,Sep-19,8588,CHOF-135762,Nov-18,0
EMP20625,Sep-19,8588,CHOF-135888,,0
EMP20625,Sep-19,8588,CHOF-136023,,0
EMP20625,Sep-19,8588,CHOF-136232,,0
EMP20625,Sep-19,8588,CHOF-136280,,0
EMP20625,Sep-19,8588,CHOF-136383,,0
EMP20625,Sep-19,8588,CHOF-136392,,0
EMP20625,Sep-19,8588,CHOF-136400,,0
EMP20625,Sep-19,8588,CHOF-136485,,0
EMP20625,Sep-19,8588,CHOF-136530,,0
EMP20625,Sep-19,8588,CHOF-136532,Nov-18,0
EMP20625,Sep-19,8588,CHOF-136556,,0
EMP20625,Sep-19,8588,CHOF-136569,,0
EMP20625,Sep-19,8588,CHOF-136611,,0
EMP20625,Sep-19,8588,CHOF-137702,,0
EMP20625,Sep-19,8588,CHOF-138484,,0
EMP20625,Sep-19,8588,CHOF-138492,Jan-19,0
EMP20625,Sep-19,8588,CHOF-138844,,0
EMP20625,Sep-19,8588,CHOF-140214,,0
EMP20625,Sep-19,8588,CHOF-142337,,0
EMP20625,Sep-19,8588,CHOF-143610,,0
EMP20625,Sep-19,8588,CHOF-143689,,0
EMP20625,Sep-19,8588,CHOF-144846,,0
EMP20625,Sep-19,8588,CHOF-144864,,0
EMP20625,Sep-19,8588,CHOF-144871,,0
EMP20625,Sep-19,8588,CHOF-144973,,0
EMP20625,Sep-19,8588,CHOF-145002,,0
EMP20625,Sep-19,8588,CHOF-145016,,0
EMP20625,Sep-19,8588,CHOF-145019,,0
EMP20625,Sep-19,8588,CHOF-145076,,0
EMP20625,Sep-19,8588,CHOF-145169,,0
EMP20625,Sep-19,8588,CHOF-145599,,0
EMP20625,Sep-19,8588,CHOF-145611,,0
EMP20625,Sep-19,8588,CHOF-145684,,0
EMP20625,Sep-19,8588,CHOF-145724,,0
EMP20625,Sep-19,8588,CHOF-145843,,0
EMP20625,Sep-19,8588,CHOF-145911,,0
EMP20625,Sep-19,8588,CHOF-145942,,0
EMP20625,Sep-19,8588,CHOF-145944,,0
EMP20625,Sep-19,8588,CHOF-146048,,0
EMP20625,Sep-19,8588,CHOF-146069,,0
EMP20625,Sep-19,8588,CHOF-146184,,0
EMP20625,Sep-19,8588,CHOF-146251,,0
EMP20625,Sep-19,8588,CHOF-146457,,0
EMP20625,Sep-19,8588,CHOF-146746,,0
EMP20625,Sep-19,8588,CHOF-146777,,0
EMP20625,Sep-19,8588,CHOF-146983,,0
EMP20625,Sep-19,8588,CHOF-147067,,0
EMP20625,Sep-19,8588,CHOF-147218,,0
EMP20625,Sep-19,8588,CHOF-147307,,0
EMP20625,Sep-19,8588,CHOF-147323,,0
EMP20625,Sep-19,8588,CHOF-147417,,0
EMP20625,Sep-19,8588,CHOF-148120,,0
EMP20625,Sep-19,8588,CHOF-150665,,0
EMP20625,Sep-19,8588,CHOF-150703,,0
EMP20625,Sep-19,8588,CHOF-151621,,0
EMP20625,Sep-19,8588,CHOF-152318,,0
EMP20625,Sep-19,8588,CHOF-152419,,0
EMP20625,Sep-19,8588,CHOF-152476,,0
EMP20625,Sep-19,8588,CHOF-152516,,0
EMP20625,Sep-19,8588,CHOF-152527,,0
EMP20625,Sep-19,8588,CHOF-152796,,0
EMP20625,Sep-19,8588,CHOF-153496,,0
EMP20625,Sep-19,8588,CHOF-153963,,0
EMP20625,Sep-19,8588,CHOF-153985,Dec-18,0
EMP20625,Sep-19,8588,CHOF-153986,Feb-19,0
EMP20625,Sep-19,8588,CHOF-154430,,0
EMP20625,Sep-19,8588,CHOF-154549,,0
EMP20625,Sep-19,8588,CHOF-155111,,0
EMP20625,Sep-19,8588,CHOF-155113,,0
EMP20625,Sep-19,8588,CHOF-155116,,0
EMP20625,Sep-19,8588,CHOF-155129,,0
EMP20625,Sep-19,8588,CHOF-155163,,0
EMP20625,Sep-19,8588,CHOF-155210,,0
EMP20625,Sep-19,8588,CHOF-155240,,0
EMP20625,Sep-19,8588,CHOF-155247,,0
EMP20625,Sep-19,8588,CHOF-155460,,0
EMP20625,Sep-19,8588,CHOF-155661,,0
EMP20625,Sep-19,8588,CHOF-155664,,0
EMP20625,Sep-19,8588,CHOF-155666,,0
EMP20625,Sep-19,8588,CHOF-155667,,0
EMP20625,Sep-19,8588,CHOF-155844,,0
EMP20625,Sep-19,8588,CHOF-155852,,0
EMP20625,Sep-19,8588,CHOF-155855,,0
EMP20625,Sep-19,8588,CHOF-155856,,0
EMP20625,Sep-19,8588,CHOF-155955,,0
EMP20625,Sep-19,8588,CHOF-155994,,0
EMP20625,Sep-19,8588,CHOF-155995,,0
EMP20625,Sep-19,8588,CHOF-155997,,0
EMP20625,Sep-19,8588,CHOF-156004,,0
EMP20625,Sep-19,8588,CHOF-156013,,0
EMP20625,Sep-19,8588,CHOF-156019,Mar-19,0
EMP20625,Sep-19,8588,CHOF-156057,,0
EMP20625,Sep-19,8588,CHOF-156287,,0
EMP20625,Sep-19,8588,CHOF-156402,,0
EMP20625,Sep-19,8588,CHOF-156598,,0
EMP20625,Sep-19,8588,CHOF-156612,,0
EMP20625,Sep-19,8588,CHOF-156614,,0
EMP20625,Sep-19,8588,CHOF-156615,,0
EMP20625,Sep-19,8588,CHOF-156632,,0
EMP20625,Sep-19,8588,CHOF-156853,,0
EMP20625,Sep-19,8588,CHOF-157005,,0
EMP20625,Sep-19,8588,CHOF-157790,,0
EMP20625,Sep-19,8588,CHOF-157836,,0
EMP20625,Sep-19,8588,CHOF-157916,,0
EMP20625,Sep-19,8588,CHOF-157917,,0
EMP20625,Sep-19,8588,CHOF-158054,,0
EMP20625,Sep-19,8588,CHOF-158075,,0
EMP20625,Sep-19,8588,CHOF-158080,,0
EMP20625,Sep-19,8588,CHOF-158437,,0
EMP20625,Sep-19,8588,CHOF-158622,,0
EMP20625,Sep-19,8588,CHOF-158787,,0
EMP20625,Sep-19,8588,CHOF-158964,,0
EMP20625,Sep-19,8588,CHOF-158966,,0
EMP20625,Sep-19,8588,CHOF-158985,,0
EMP20625,Sep-19,8588,CHOF-159126,,0
EMP20625,Sep-19,8588,CHOF-159144,,0
EMP20625,Sep-19,8588,CHOF-159274,,0
EMP20625,Sep-19,8588,CHOF-159599,,0
EMP20625,Sep-19,8588,CHOF-159699,,0
EMP20625,Sep-19,8588,CHOF-160081,,0
EMP20625,Sep-19,8588,CHOF-160085,,0
EMP20625,Sep-19,8588,CHOF-160100,,0
EMP20625,Sep-19,8588,CHOF-160112,Mar-19,0
EMP20625,Sep-19,8588,CHOF-160394,,0
EMP20625,Sep-19,8588,CHOF-160846,,0
EMP20625,Sep-19,8588,CHOF-160945,,0
EMP20625,Sep-19,8588,CHOF-161192,,0
EMP20625,Sep-19,8588,CHOF-161543,,0
EMP20625,Sep-19,8588,CHOF-162985,,0
EMP20625,Sep-19,8588,CHOF-163180,,0
EMP20625,Sep-19,8588,CHOF-163210,,0
EMP20625,Sep-19,8588,CHOF-163258,,0
EMP20625,Sep-19,8588,CHOF-163528,,0
EMP20625,Sep-19,8588,CHOF-163773,,0
EMP20625,Sep-19,8588,CHOF-164140,,0
EMP20625,Sep-19,8588,CHOF-164484,,0
EMP20625,Sep-19,8588,CHOF-164497,,0
EMP20625,Sep-19,8588,CHOF-164690,,0
EMP20625,Sep-19,8588,CHOF-164709,,0
EMP20625,Sep-19,8588,CHOF-164714,,0
EMP20625,Sep-19,8588,CHOF-164824,,0
EMP20625,Sep-19,8588,CHOF-164915,,0
EMP20625,Sep-19,8588,CHOF-164916,,0
EMP20625,Sep-19,8588,CHOF-164920,,0
EMP20625,Sep-19,8588,CHOF-164922,,0
EMP20625,Sep-19,8588,CHOF-164926,,0
EMP20625,Sep-19,8588,CHOF-165284,,0
EMP20625,Sep-19,8588,CHOF-165311,,0
EMP20625,Sep-19,8588,CHOF-165314,,0
EMP20625,Sep-19,8588,CHOF-166072,,0
EMP20625,Sep-19,8588,CHOF-166442,,0
EMP20625,Sep-19,8588,CHOF-167157,,0
EMP20625,Sep-19,8588,CHOF-167540,,0
EMP20625,Sep-19,8588,CHOF-169163,,0
EMP20625,Sep-19,8588,CHOF-169213,,0
EMP20625,Sep-19,8588,CHOF-169369,,0
EMP20625,Sep-19,8588,CHOF-169378,,0
EMP20625,Sep-19,8588,CHOF-169382,,0
EMP20625,Sep-19,8588,CHOF-170035,,0
EMP20625,Sep-19,8588,CHOF-170151,,0
EMP20625,Sep-19,8588,CHOF-170152,,0
EMP20625,Sep-19,8588,CHOF-170802,,0
EMP20625,Sep-19,8588,CHOF-170867,,0
EMP20625,Sep-19,8588,CHOF-171499,,0
EMP20625,Sep-19,8588,CHOF-172037,,0
EMP20625,Sep-19,8588,CHOF-172317,,0
EMP20625,Sep-19,8588,CHOF-172354,,0
EMP20625,Sep-19,8588,CHOF-172459,May-19,0
EMP20625,Sep-19,8588,CHOF-172884,,0
EMP20625,Sep-19,8588,CHOF-172901,,0
EMP20625,Sep-19,8588,CHOF-173029,,0
EMP20625,Sep-19,8588,CHOF-173295,,0
EMP20625,Sep-19,8588,CHOF-173501,,0
EMP20625,Sep-19,8588,CHOF-173509,,0
EMP20625,Sep-19,8588,CHOF-173660,,0
EMP20625,Sep-19,8588,CHOF-173675,,0
EMP20625,Sep-19,8588,CHOF-173840,,0
EMP20625,Sep-19,8588,CHOF-173927,,0
EMP20625,Sep-19,8588,CHOF-174179,,0
EMP20625,Sep-19,8588,CHOF-174201,,0
EMP20625,Sep-19,8588,CHOF-174395,,0
EMP20625,Sep-19,8588,CHOF-174404,,0
EMP20625,Sep-19,8588,CHOF-174421,,0
EMP20625,Sep-19,8588,CHOF-174442,,0
EMP20625,Sep-19,8588,CHOF-174702,,0
EMP20625,Sep-19,8588,CHOF-174774,,0
EMP20625,Sep-19,8588,CHOF-174791,,0
EMP20625,Sep-19,8588,CHOF-174920,,0
EMP20625,Sep-19,8588,CHOF-175385,,0
EMP20625,Sep-19,8588,CHOF-175411,,0
EMP20625,Sep-19,8588,CHOF-175414,,0
EMP20625,Sep-19,8588,CHOF-175475,,0
EMP20625,Sep-19,8588,CHOF-175503,,0
EMP20625,Sep-19,8588,CHOF-175504,,0
EMP20625,Sep-19,8588,CHOF-175511,,0
EMP20625,Sep-19,8588,CHOF-175619,,0
EMP20625,Sep-19,8588,CHOF-175831,,0
EMP20625,Sep-19,8588,CHOF-175911,,0
EMP20625,Sep-19,8588,CHOF-175984,,0
EMP20625,Sep-19,8588,CHOF-176065,,0
EMP20625,Sep-19,8588,CHOF-176067,,0
EMP20625,Sep-19,8588,CHOF-176174,,0
EMP20625,Sep-19,8588,CHOF-176183,,0
EMP20625,Sep-19,8588,CHOF-176185,,0
EMP20625,Sep-19,8588,CHOF-176186,,0
EMP20625,Sep-19,8588,CHOF-176224,,0
EMP20625,Sep-19,8588,CHOF-176296,,0
EMP20625,Sep-19,8588,CHOF-176297,,0
EMP20625,Sep-19,8588,CHOF-176420,,0
EMP20625,Sep-19,8588,CHOF-176533,,0
EMP20625,Sep-19,8588,CHOF-176582,,0
EMP20625,Sep-19,8588,CHOF-176600,,0
EMP20625,Sep-19,8588,CHOF-176710,,0
EMP20625,Sep-19,8588,CHOF-177126,,0
EMP20625,Sep-19,8588,CHOF-177147,,0
EMP20625,Sep-19,8588,CHOF-177225,,0
EMP20625,Sep-19,8588,CHOF-177259,,0
EMP20625,Sep-19,8588,CHOF-177276,,0
EMP20625,Sep-19,8588,CHOF-177279,,0
EMP20625,Sep-19,8588,CHOF-177747,,0
EMP20625,Sep-19,8588,CHOF-177966,,0
EMP20625,Sep-19,8588,CHOF-177999,Aug-19,0
EMP20625,Sep-19,8588,CHOF-178016,,0
EMP20625,Sep-19,8588,CHOF-178096,,0
EMP20625,Sep-19,8588,CHOF-178108,,0
EMP20625,Sep-19,8588,CHOF-178109,,0
EMP20625,Sep-19,8588,CHOF-178187,,0
EMP20625,Sep-19,8588,CHOF-178188,,0
EMP20625,Sep-19,8588,CHOF-178316,Jan-17,0
EMP20625,Sep-19,8588,CHOF-178383,Aug-18,0
EMP20625,Sep-19,8588,CHOF-178419,,0
EMP20625,Sep-19,8588,CHOF-178589,,0
EMP20625,Sep-19,8588,CHOF-178639,,0
EMP20625,Sep-19,8588,CHOF-178676,,0
EMP20625,Sep-19,8588,CHOF-178790,,0
EMP20625,Sep-19,8588,CHOF-179493,,0
EMP20625,Sep-19,8588,CHOF-179612,,0
EMP20625,Sep-19,8588,CHOF-179716,,0
EMP20625,Sep-19,8588,CHOF-179731,,0
EMP20625,Sep-19,8588,CHOF-179732,,0
EMP20625,Sep-19,8588,CHOF-179793,,0
EMP20625,Sep-19,8588,CHOF-179795,,0
EMP20625,Sep-19,8588,CHOF-179829,,0
EMP20625,Sep-19,8588,CHOF-179912,,0
EMP20625,Sep-19,8588,CHOF-179985,,0
EMP20625,Sep-19,8588,CHOF-180000,,0
EMP20625,Sep-19,8588,CHOF-180002,,0
EMP20625,Sep-19,8588,CHOF-180160,,0
EMP20625,Sep-19,8588,CHOF-180182,,0
EMP20625,Sep-19,8588,CHOF-180215,,0
EMP20625,Sep-19,8588,CHOF-180243,,0
EMP20625,Sep-19,8588,CHOF-180275,,0
EMP20625,Sep-19,8588,CHOF-180422,,0
EMP20625,Sep-19,8588,CHOF-180496,,0
EMP20625,Sep-19,8588,CHOF-180595,,0
EMP20625,Sep-19,8588,CHOF-180860,,0
EMP20625,Sep-19,8588,CHOF-180861,,0
EMP20625,Sep-19,8588,CHOF-180916,,0
EMP20625,Sep-19,8588,CHOF-180927,,0
EMP20625,Sep-19,8588,CHOF-181234,,0
EMP20625,Sep-19,8588,CHOF-181493,,0
EMP20625,Sep-19,8588,CHOF-181514,,0
EMP20625,Sep-19,8588,CHOF-181708,,0
EMP20625,Sep-19,8588,CHOF-181875,,0
EMP20625,Sep-19,8588,CHOF-182239,,0
EMP20625,Sep-19,8588,CHOF-182734,,0
EMP20625,Sep-19,8588,CHOF-183551,,0
EMP20625,Sep-19,8588,CHOF-183579,,0
EMP20625,Sep-19,8588,CHOF-183900,,0
EMP20625,Sep-19,8588,CHOF-183902,Sep-19,0
EMP20625,Sep-19,8588,CHOF-183949,,0
EMP20625,Sep-19,8588,CHOF-184544,,0
EMP20625,Sep-19,8588,CHOF-184943,,0
EMP20625,Sep-19,8588,CHOF-185216,,0
EMP20625,Sep-19,8588,CHOF-185324,,0
EMP20625,Sep-19,8588,CHOF-185423,,0
EMP20625,Sep-19,8588,CHOF-185486,,0
EMP20625,Sep-19,8588,CHOF-185532,,0
EMP20625,Sep-19,8588,CHOF-185590,,0
EMP20625,Sep-19,8588,CHOF-185883,,0
EMP20625,Sep-19,8588,CHOF-185925,,0
EMP20625,Sep-19,8588,CHOF-186012,,0
EMP20625,Sep-19,8588,CHOF-186013,,0
EMP20625,Sep-19,8588,CHOF-186052,,0
EMP20625,Sep-19,8588,CHOF-186082,,0
EMP20625,Sep-19,8588,CHOF-186099,,0
EMP20625,Sep-19,8588,CHOF-186127,,0
EMP20625,Sep-19,8588,CHOF-186197,,0
EMP20625,Sep-19,8588,CHOF-186270,,0
EMP20625,Sep-19,8588,CHOF-186439,,0
EMP20625,Sep-19,8588,CHOF-186440,,0
EMP20625,Sep-19,8588,CHOF-186485,,0
EMP20625,Sep-19,8588,CHOF-186486,,0
EMP20625,Sep-19,8588,CHOF-186489,,0
EMP20625,Sep-19,8588,CHOF-186493,,0
EMP20625,Sep-19,8588,CHOF-186494,,0
EMP20625,Sep-19,8588,CHOF-186840,,0
EMP20625,Sep-19,8588,CHOF-187034,,0
EMP20625,Sep-19,8588,CHOF-187110,,0
EMP20625,Sep-19,8588,CHOF-187188,,0
EMP20625,Sep-19,8588,CHOF-187253,,0
EMP20625,Sep-19,8588,CHOF-187356,,0
EMP20625,Sep-19,8588,CHOF-187461,,0
EMP20625,Sep-19,8588,CHOF-187480,,0
EMP20625,Sep-19,8588,CHOF-187529,,0
EMP20625,Sep-19,8588,CHOF-187816,,0
EMP20625,Sep-19,8588,CHOF-187842,,0
EMP20625,Sep-19,8588,CHOF-188015,,0
EMP20625,Sep-19,8588,CHOF-188551,,0
EMP20625,Sep-19,8588,CHOF-188793,,0
EMP20625,Sep-19,8588,CHOF-189123,,0
EMP20625,Sep-19,8588,CHOF-189162,,0
EMP20625,Sep-19,8588,CHOF-189165,,0
EMP20625,Sep-19,8588,CHOF-189166,,0
EMP20625,Sep-19,8588,CHOF-189502,,0
EMP20625,Sep-19,8588,CHOF-189626,,0
EMP20625,Sep-19,8588,CHOF-189746,,0
EMP20625,Sep-19,8588,CHOF-190392,,0
EMP20625,Sep-19,8588,CHOF-190442,,0
EMP20625,Sep-19,8588,CHOF-190578,,0
EMP20625,Sep-19,8588,CHOF-191174,,0
EMP20625,Sep-19,8588,CHOF-191245,,0
EMP20625,Sep-19,8588,CHOF-191270,,0
EMP20625,Sep-19,8588,CHOF-191289,,0
EMP20625,Sep-19,8588,CHOF-191348,,0
EMP20625,Sep-19,8588,CHOF-191391,,0
EMP20625,Sep-19,8588,CHOF-191393,,0
EMP20625,Sep-19,8588,CHOF-191406,,0
EMP20625,Sep-19,8588,CHOF-191407,,0
EMP20625,Sep-19,8588,CHOF-191409,,0
EMP20625,Sep-19,8588,CHOF-191435,,0
EMP20625,Sep-19,8588,CHOF-191479,,0
EMP20625,Sep-19,8588,CHOF-191483,,0
EMP20625,Sep-19,8588,CHOF-191537,,0
EMP20625,Sep-19,8588,CHOF-191546,,0
EMP20625,Sep-19,8588,CHOF-191547,,0
EMP20625,Sep-19,8588,CHOF-191570,,0
EMP20625,Sep-19,8588,CHOF-191601,,0
EMP20625,Sep-19,8588,CHOF-191602,,0
EMP20625,Sep-19,8588,CHOF-191616,,0
EMP20625,Sep-19,8588,CHOF-191625,,0
EMP20625,Sep-19,8588,CHOF-191658,,0
EMP20625,Sep-19,8588,CHOF-191787,,0
EMP20625,Sep-19,8588,CHOF-191809,,0
EMP20625,Sep-19,8588,CHOF-191852,,0
EMP20625,Sep-19,8588,CHOF-191863,,0
EMP20625,Sep-19,8588,CHOF-191868,,0
EMP20625,Sep-19,8588,CHOF-191871,,0
EMP20625,Sep-19,8588,CHOF-192049,,0
EMP20625,Sep-19,8588,CHOF-192068,,0
EMP20625,Sep-19,8588,CHOF-192069,,0
EMP20625,Sep-19,8588,CHOF-192073,,0
EMP20625,Sep-19,8588,CHOF-192147,,0
EMP20625,Sep-19,8588,CHOF-192197,,0
EMP20625,Sep-19,8588,CHOF-192205,,0
EMP20625,Sep-19,8588,CHOF-192216,,0
EMP20625,Sep-19,8588,CHOF-192254,,0
EMP20625,Sep-19,8588,CHOF-192264,,0
EMP20625,Sep-19,8588,CHOF-192293,,0
EMP20625,Sep-19,8588,CHOF-192296,,0
EMP20625,Sep-19,8588,CHOF-192315,,0
EMP20625,Sep-19,8588,CHOF-192330,,0
EMP20625,Sep-19,8588,CHOF-192340,,0
EMP20625,Sep-19,8588,CHOF-192436,,0
EMP20625,Sep-19,8588,CHOF-192437,,0
EMP20625,Sep-19,8588,CHOF-192465,,0
EMP20625,Sep-19,8588,CHOF-192554,,0
EMP20625,Sep-19,8588,CHOF-192858,,0
EMP20625,Sep-19,8588,CHOF-192885,,0
EMP20625,Sep-19,8588,CHOF-192910,,0
EMP20625,Sep-19,8588,CHOF-192915,,0
EMP20625,Sep-19,8588,CHOF-192919,,0
EMP20625,Sep-19,8588,CHOF-193065,,0
EMP20625,Sep-19,8588,CHOF-193066,,0
EMP20625,Sep-19,8588,CHOF-193067,,0
EMP20625,Sep-19,8588,CHOF-193097,,0
EMP20625,Sep-19,8588,CHOF-193128,,0
EMP20625,Sep-19,8588,CHOF-193132,,0
EMP20625,Sep-19,8588,CHOF-193135,,0
EMP20625,Sep-19,8588,CHOF-193136,,0
EMP20625,Sep-19,8588,CHOF-193169,,0
EMP20625,Sep-19,8588,CHOF-193183,,0
EMP20625,Sep-19,8588,CHOF-193184,,0
EMP20625,Sep-19,8588,CHOF-193185,,0
EMP20625,Sep-19,8588,CHOF-193204,,0
EMP20625,Sep-19,8588,CHOF-193205,,0
EMP20625,Sep-19,8588,CHOF-193223,,0
EMP20625,Sep-19,8588,CHOF-193233,,0
EMP20625,Sep-19,8588,CHOF-193349,,0
EMP20625,Sep-19,8588,CHOF-193350,,0
EMP20625,Sep-19,8588,CHOF-193370,,0
EMP20625,Sep-19,8588,CHOF-193401,,0
EMP20625,Sep-19,8588,CHOF-193497,,0
EMP20625,Sep-19,8588,CHOF-193567,,0
EMP20625,Sep-19,8588,CHOF-193671,,0
EMP20625,Sep-19,8588,CHOF-193683,,0
EMP20625,Sep-19,8588,CHOF-193704,,0
EMP20625,Sep-19,8588,CHOF-193828,,0
EMP20625,Sep-19,8588,CHOF-193847,,0
EMP20625,Sep-19,8588,CHOF-193889,,0
EMP20625,Sep-19,8588,CHOF-193950,,0
EMP20625,Sep-19,8588,CHOF-193962,,0
EMP20625,Sep-19,8588,CHOF-193976,,0
EMP20625,Sep-19,8588,CHOF-194220,,0
EMP20625,Sep-19,8588,CHOF-194267,,0
EMP20625,Sep-19,8588,CHOF-194284,,0
EMP20625,Sep-19,8588,CHOF-194286,,0
EMP20625,Sep-19,8588,CHOF-194348,,0
EMP20625,Sep-19,8588,CHOF-194358,,0
EMP20625,Sep-19,8588,CHOF-194359,,0
EMP20625,Sep-19,8588,CHOF-194365,,0
EMP20625,Sep-19,8588,CHOF-194367,,0
EMP20625,Sep-19,8588,CHOF-194375,,0
EMP20625,Sep-19,8588,CHOF-194383,,0
EMP20625,Sep-19,8588,CHOF-194384,,0
EMP20625,Sep-19,8588,HELB-000010,Jul-16,0
EMP20625,Sep-19,8588,HELB-000011,,0
EMP20625,Sep-19,8588,HELB-000192,,0
EMP20625,Sep-19,8588,HELB-000193,,0
EMP20625,Sep-19,8588,HELB-000365,,0
EMP20625,Sep-19,8588,HELB-000376,,0
EMP20625,Sep-19,8588,HELB-000383,,0
EMP20625,Sep-19,8588,HELB-000426,,0
EMP20625,Sep-19,8588,HELB-000586,,0
EMP20625,Sep-19,8588,HELB-000675,,0
EMP20625,Sep-19,8588,HELB-000684,,0
EMP20625,Sep-19,8588,HELB-000714,,0
EMP11921,Nov-19,8552.6,CHOF-190544,Nov-19,8552.6
EMP1004415,Nov-19,8329,CHOF-188692,Nov-19,8329
EMP99071,Oct-19,8090,CHOF-185720,Oct-19,8090
EMP99071,Oct-19,8090,CHOF-185721,Oct-19,8090
EMP35510,Dec-19,8089,CHOF-192490,Dec-19,2889
EMP72386,Oct-19,8071,CHOF-185822,Oct-19,8071
EMP10730,Dec-19,8004,CHOF-193470,Dec-19,8004
EMP46119,Sep-16,8000,CHOF-038772,Sep-16,102000
EMP153099,Dec-19,7878,CHOF-191336,Dec-19,7877
EMP18383,Nov-16,7820,CHOF-019121,Oct-16,211267.2
EMP1006750,Oct-19,7729,CHOF-186449,Oct-19,7729
EMP1004070,Nov-19,7500,CHOF-190606,Nov-19,7500
EMP1004070,Sep-19,7500,CHOF-181733,Sep-19,7500
EMP101135,Oct-19,7500,CHOF-185683,Oct-19,7500
EMP15323,Dec-19,7295.8,CHOF-191560,Dec-19,7296
EMP18457,Jan-20,7209,CHOF-193694,Jan-20,11093
EMP1005366,Dec-19,7181,CHOF-191947,Dec-19,7181
EMP14626,Oct-19,6920,CHOF-185752,Oct-19,6920.3
EMP14626,Oct-19,6920,CHOF-185753,Oct-19,6920.3
EMP1000304,Dec-19,6783,CHOF-193471,Dec-19,55706
EMP1000304,Nov-19,6783,CHOF-193468,Nov-19,46685
EMP11727,Dec-19,6749,CHOF-192800,Dec-19,6749
EMP11727,Oct-19,6749,CHOF-184489,Oct-19,6749
EMP48190,Dec-19,6648,CHOF-191295,Dec-19,6648
EMP153120,Oct-19,6570,CHOF-186106,Oct-19,6570
EMP103932,Dec-19,6348,CHOF-193480,Dec-19,6348
EMP106718,Oct-16,5700,CHOF-038440,Oct-16,91729
EMP1005838,Oct-19,5600,CHOF-185900,Oct-19,5600
EMP1005838,Oct-19,5600,CHOF-185901,Oct-19,5600
EMP11596,Nov-19,5502,CHOF-189357,Nov-19,8102
EMP17781,Oct-19,5500,CHOF-184990,Oct-19,5500
EMP37469,Oct-19,5393,CHOF-186323,Oct-19,5393
EMP51878,Nov-19,5267,CHOF-189734,Nov-19,5267
EMP13858,Sep-19,5266.7,CHOF-180904,Sep-19,43526.6
EMP1000304,Oct-19,5165,CHOF-193466,Oct-19,32221
EMP1000304,Oct-19,5165,CHOF-193467,Oct-19,32221
EMP48756,Nov-19,5153,CHOF-190137,Nov-19,5153
10601223,Nov-16,5000,CHOF-019098,Oct-16,3538.3
EMP19494,Oct-19,5000,CHOF-185013,Oct-19,5000
EMP37371,Oct-19,4620,CHOF-185824,Oct-19,4620
EMP1005887,May-19,4500,CHOF-183758,May-19,4500
EMP1007383,Oct-19,4500,CHOF-185735,Oct-19,4500
EMP14323,Oct-19,4500,CHOF-186869,Oct-19,4500
EMP47332,Dec-19,4350.3,CHOF-191940,Dec-19,4350.3
EMP12787,Nov-19,4173,CHOF-189150,Nov-19,4173
EMP99516,Oct-19,4170,CHOF-185085,Oct-19,4170
EMP15048,Oct-19,4129,CHOF-184495,Oct-19,9120
EMP28808,Dec-19,4122,CHOF-193653,Dec-19,138946.05
EMP1005292,Dec-19,4055,CHOF-191941,Dec-19,4055
EMP1006761,Nov-19,4000,CHOF-190701,Nov-19,4000
EMP153162,Oct-19,4000,CHOF-184660,Oct-19,12850
EMP1000602,Nov-19,3533,CHOF-189073,Nov-19,3533
EMP18457,Dec-19,3009,CHOF-192386,Dec-19,13116
EMP1003989,Nov-19,3000,CHOF-191214,Nov-19,3000
EMP141334,Oct-19,3000,CHOF-185658,Oct-19,3000
EMP142693,Dec-19,3000,CHOF-193488,Dec-19,3000
EMP67598,Dec-19,2000,CHOF-192514,Dec-19,2000
EMP149665,Dec-19,1500,CHOF-193482,Dec-19,1500
